,artist,country,genre,listeners,scrobbles,Max_key,award
12,Lady Gaga,United States,electronic,3820581,285469647,C_major,Yes
14,Daft Punk,France,electronic,3782404,209502122,C#_major,Yes
25,U2,Ireland,electronic,3487345,142775747,D_major,Yes
31,Britney Spears,United States,electronic,3255085,201961724,G_major,Yes
36,Madonna,United States,electronic,3102727,154336623,G_major,Yes
59,David Guetta,France,electronic,2782756,88750979,B_minor,Yes
65,Depeche Mode,United Kingdom,electronic,2685086,165330799,C_major,Yes
66,Moby,United States,electronic,2663279,94156879,G_major,No
79,Massive Attack,United Kingdom,electronic,2577949,117454784,E_minor,No
24,System of a Down,United States,metal,3497648,226695285,C_major,Yes
43,Led Zeppelin,United Kingdom,metal,2930957,188306100,D_major,Yes
45,Aerosmith,United States,metal,2904687,72269474,A_major,Yes
47,Metallica,United States,metal,2894382,281172228,C#_major,Yes
64,AC/DC,Australia,metal,2691018,135355015,A_major,Yes
78,Incubus,United States,metal,2595785,111190422,A_major,No
81,Korn,United States,metal,2549183,129766477,D_major,Yes
95,Papa Roach,United States,metal,2469808,78770487,D_major,No
98,Black Sabbath,United Kingdom,metal,2442953,100531599,C#_major,Yes
3,Rihanna,United States,pop,4558193,199248986,C#_major,Yes
15,Green Day,United States,pop,3738772,188558689,D_major,Yes
16,Katy Perry,United States,pop,3733134,146330284,C_major,Yes
17,The Beatles,United Kingdom,pop,3674017,517126254,D_major,Yes
20,Beyonce,United States,pop,3554615,153947081,C#_major,Yes
21,Michael Jackson,United States,pop,3546966,131160791,C#_major,Yes
22,Maroon 5,United States,pop,3507447,118003794,E_minor,Yes
42,The Cure,United Kingdom,pop,2932819,156234819,D_major,No
50,Adele,United Kingdom,pop,2856839,128162302,C_major,Yes
54,Justin Timberlake,United States,pop,2821887,73976022,C_minor,Yes
56,MGMT,United States,pop,2795384,97241721,D_major,No
58,Christina Aguilera,United States,pop,2788515,128756438,C#_major,Yes
70,The Kooks,United Kingdom,pop,2643672,111420305,G_major,No
72,Avril Lavigne,Canada,pop,2627363,115252437,A_major,No
73,Chris Brown,United States,pop,2624857,47604118,F_minor,Yes
80,Arcade Fire,Canada,pop,2564099,183170673,G_major,Yes
82,Jack Johnson,United States,pop,2545095,115358168,G_major,No
84,Amy Winehouse,United Kingdom,pop,2513247,94539297,C_major,No
89,P!nk,United States,pop,2495211,68613195,G_major,No
92,Kesha,United States,pop,2479795,95346150,C_major,No
93,Paramore,United States,pop,2479012,186641835,G#_major,No
96,Mariah Carey,United States,pop,2459108,74250907,C#_major,Yes
100,The Beach Boys,United States,pop,2430401,69741270,A_major,No
101,Kelly Clarkson,United States,pop,2425837,64551596,G_major,Yes
4,Eminem,United States,rap,4517997,199507511,C#_major,Yes
6,Kanye West,United States,rap,4390502,238603850,C#_major,Yes
19,Gorillaz,United Kingdom,rap,3577998,169844826,G_major,Yes
27,Drake,Canada,rap,3379644,140245379,C#_major,Yes
35,JAY-Z,United States,rap,3169635,85047192,C#_major,Yes
68,Usher,United States,rap,2650020,39319140,G#_major,Yes
69,50 Cent,United States,rap,2645222,39383493,C#_major,Yes
77,Christopher Brown,United States,rap,2624857,47604118,C_major,No
86,OutKast,United States,rap,2508114,48749317,C#_major,Yes
90,Snoop Dogg,United States,rap,2493508,39079490,C#_major,No
91,Kid Cudi,United States,rap,2485167,72090030,B_minor,Yes
102,T.I.,United States,rap,2422414,32407489,C#_major,Yes
0,Coldplay,United Kingdom,rock,5381567,360111850,G_major,Yes
1,Radiohead,United Kingdom,rock,4732528,499548797,G_major,Yes
2,Red Hot Chili Peppers,United States,rock,4620835,293784041,C_major,Yes
5,The Killers,United States,rock,4428868,208722092,C#_major,No
7,Nirvana,United States,rock,4272894,222303859,C#_major,Yes
8,Muse,United Kingdom,rock,4089612,344838631,D_major,Yes
9,Queen,United Kingdom,rock,4023379,191711573,D_major,No
10,Foo Fighters,United States,rock,4005236,194253620,D_major,Yes
11,Linkin Park,United States,rock,3978390,294986508,G_major,Yes
13,The Rolling Stones,United Kingdom,rock,3798330,154106551,C_major,Yes
18,Oasis,United Kingdom,rock,3592076,150683301,D_major,No
23,Arctic Monkeys,United Kingdom,rock,3501680,332306552,D_major,No
26,Kings of Leon,United States,rock,3437638,169728792,A_major,Yes
28,David Bowie,United Kingdom,rock,3354711,193061649,C_major,Yes
30,The Strokes,United States,rock,3262563,168904115,C_major,No
33,Franz Ferdinand,United Kingdom,rock,3203026,113191642,G_major,No
34,The Doors,United States,rock,3189868,133763665,D_major,Yes
37,Pink Floyd,United Kingdom,rock,3081313,313236119,G_major,Yes
38,Weezer,United States,rock,3050491,106853548,G#_major,Yes
39,Snow Patrol,United Kingdom,rock,2982390,89077807,D_major,No
40,blink-182,United States,rock,2976416,176453833,C_major,No
41,The White Stripes,United States,rock,2956612,127227708,C_major,Yes
44,Beck,United States,rock,2918241,102281190,A#_minor,No
46,The Offspring,United States,rock,2900065,123898492,C_major,No
48,R.E.M.,United States,rock,2886482,93258977,D_major,Yes
49,Blur,United Kingdom,rock,2872022,89240809,A_major,No
51,Rage Against the Machine,United States,rock,2843686,90599140,G_major,Yes
52,Death Cab for Cutie,United States,rock,2834516,167954728,C_major,No
53,Nickelback,Canada,rock,2832931,84126122,C_major,Yes
55,The Smashing Pumpkins,United States,rock,2814837,126060288,D_major,Yes
57,Johnny Cash,United States,rock,2795136,104272344,A_major,Yes
60,The Who,United Kingdom,rock,2766960,73125398,D_major,No
61,Jimi Hendrix,United States,rock,2726814,72120942,C#_major,Yes
62,Fall Out Boy,United States,rock,2726290,146706443,D_major,Yes
63,Pearl Jam,United States,rock,2709816,144516707,G_major,Yes
67,Bob Dylan,United States,rock,2662912,154776081,G_major,Yes
71,Placebo,United Kingdom,rock,2642228,188389930,G#_major,No
83,3 Doors Down,United States,rock,2525225,59089175,C_major,No
85,Bloc Party,United Kingdom,rock,2511966,106931429,C_major,No
87,Elton John,United Kingdom,rock,2506942,49863371,F#_major,Yes
88,Yeah Yeah Yeahs,United States,rock,2495391,87486001,A_major,No
94,Queens of the Stone Age,United States,rock,2472579,140941461,D_major,No
97,John Mayer,United States,rock,2453071,110319385,D_major,Yes
99,Kasabian,United Kingdom,rock,2436092,83211561,G_major,No
103,Keane,United Kingdom,rock,2422185,66916305,A_major,No
104,Eric Clapton,United Kingdom,rock,2415759,51150967,A_major,No
