artist,country,genre,listeners,scrobbles,Max_key,award
50 Cent,United States,rap,2645222,39383493,C#_major,Yes
Adele,United Kingdom,pop,2856839,128162302,C_major,Yes
Beyonce,United States,pop,3554615,153947081,C#_major,Yes
Chris Brown,United States,pop,2624857,47604118,F_minor,Yes
Coldplay,United Kingdom,rock,5381567,360111850,G_major,Yes
David Bowie,United Kingdom,rock,3354711,193061649,C_major,Yes
Drake,Canada,rap,3379644,140245379,C#_major,Yes
Eminem,United States,rap,4517997,199507511,C#_major,Yes
Green Day,United States,pop,3738772,188558689,D_major,Yes
Justin Timberlake,United States,pop,2821887,73976022,C_minor,Yes
Katy Perry,United States,pop,3733134,146330284,C_major,Yes
Kelly Clarkson,United States,pop,2425837,64551596,G_major,Yes
Lady Gaga,United States,electronic,3820581,285469647,C_major,Yes
Maroon 5,United States,pop,3507447,118003794,E_minor,Yes
Michael Jackson,United States,pop,3546966,131160791,C#_major,Yes
Nickelback,Canada,rock,2832931,84126122,C_major,Yes
Rihanna,United States,pop,4558193,199248986,C#_major,Yes
The Beatles,United Kingdom,pop,3674017,517126254,D_major,Yes
U2,Ireland,electronic,3487345,142775747,D_major,Yes
Usher,United States,rap,2650020,39319140,G#_major,Yes
Aerosmith,United States,metal,2904687,72269474,A_major,No
Arctic Monkeys,United Kingdom,rock,3501680,332306552,D_major,No
Beck,United States,rock,2918241,102281190,A#_minor,No
Blur,United Kingdom,rock,2872022,89240809,A_major,No
Britney Spears,United States,electronic,3255085,201961724,G_major,No
Daft Punk,France,electronic,3782404,209502122,C#_major,No
Foo Fighters,United States,rock,4005236,194253620,D_major,No
Franz Ferdinand,United Kingdom,rock,3203026,113191642,G_major,No
Gorillaz,United Kingdom,rap,3577998,169844826,G_major,No
JAY-Z,United States,rap,3169635,85047192,C#_major,No
Kanye West,United States,rap,4390502,238603850,C#_major,No
Kings of Leon,United States,rock,3437638,169728792,A_major,No
Led Zeppelin,United Kingdom,metal,2930957,188306100,D_major,No
Linkin Park,United States,rock,3978390,294986508,G_major,No
Madonna,United States,electronic,3102727,154336623,G_major,No
Metallica,United States,metal,2894382,281172228,C#_major,No
Oasis,United Kingdom,rock,3592076,150683301,D_major,No
Queen,United Kingdom,rock,4023379,191711573,D_major,No
R.E.M.,United States,rock,2886482,93258977,D_major,No
Radiohead,United Kingdom,rock,4732528,499548797,G_major,No
Red Hot Chili Peppers,United States,rock,4620835,293784041,C_major,No
System of a Down,United States,metal,3497648,226695285,C_major,No
The Cure,United Kingdom,pop,2932819,156234819,D_major,No
The Doors,United States,rock,3189868,133763665,D_major,No
The Killers,United States,rock,4428868,208722092,C#_major,No
The Offspring,United States,rock,2900065,123898492,C_major,No
The Rolling Stones,United Kingdom,rock,3798330,154106551,C_major,No
The Strokes,United States,rock,3262563,168904115,C_major,No
The White Stripes,United States,rock,2956612,127227708,C_major,No
